Matricule,Satisfaction Globale,Equilibre Vie Pro Vie Perso,Satisfaction au sein de l'equipe,Satisfaction Remuneration,Satisfaction Environnement Travail,Satisfaction relation Manager,Changement de poste
"10001",3.000000,3.000000,4.000000,4.000000,1.000000,1.000000,0.000000
"10002",2.000000,4.000000,1.000000,3.000000,2.000000,1.000000,1.000000
"10003",1.000000,2.000000,3.000000,3.000000,1.000000,1.000000,1.000000
"10004",1.000000,2.000000,2.000000,2.000000,2.000000,1.000000,0.000000
"10005",4.000000,4.000000,1.000000,1.000000,3.000000,1.000000,0.000000
"10006",1.000000,4.000000,2.000000,2.000000,1.000000,2.000000,0.000000
"10007",2.000000,1.000000,4.000000,4.000000,1.000000,2.000000,0.000000
"10008",1.000000,2.000000,3.000000,3.000000,1.000000,4.000000,1.000000
"10009",1.000000,2.000000,3.000000,3.000000,3.000000,1.000000,0.000000
"10010",2.000000,4.000000,3.000000,2.000000,2.000000,1.000000,0.000000
"10011",4.000000,2.000000,2.000000,1.000000,2.000000,1.000000,1.000000
"10012",1.000000,2.000000,1.000000,2.000000,2.000000,2.000000,0.000000
"10013",4.000000,1.000000,1.000000,4.000000,1.000000,2.000000,1.000000
"10014",3.000000,2.000000,2.000000,3.000000,4.000000,1.000000,0.000000
"10015",2.000000,2.000000,3.000000,3.000000,1.000000,1.000000,1.000000
"10016",3.000000,2.000000,2.000000,3.000000,1.000000,2.000000,0.000000
"10017",4.000000,4.000000,1.000000,2.000000,3.000000,1.000000,1.000000
"10018",1.000000,1.000000,3.000000,3.000000,3.000000,1.000000,0.000000
"10019",4.000000,2.000000,2.000000,2.000000,3.000000,1.000000,0.000000
"10020",1.000000,2.000000,2.000000,2.000000,1.000000,2.000000,0.000000
"10021",4.000000,1.000000,1.000000,2.000000,3.000000,1.000000,1.000000
"10022",2.000000,2.000000,3.000000,1.000000,3.000000,2.000000,1.000000
"10023",4.000000,2.000000,2.000000,2.000000,1.000000,2.000000,1.000000
"10024",2.000000,2.000000,1.000000,4.000000,2.000000,2.000000,1.000000
"10025",3.000000,2.000000,2.000000,3.000000,1.000000,2.000000,1.000000
"10026",2.000000,1.000000,1.000000,3.000000,2.000000,2.000000,1.000000
"10027",3.000000,2.000000,3.000000,3.000000,3.000000,1.000000,0.000000
"10028",2.000000,2.000000,1.000000,3.000000,1.000000,1.000000,0.000000
"10029",4.000000,2.000000,1.000000,3.000000,1.000000,1.000000,0.000000
"10030",3.000000,1.000000,1.000000,3.000000,1.000000,1.000000,0.000000
"10031",2.000000,4.000000,1.000000,3.000000,3.000000,1.000000,1.000000
"10032",1.000000,4.000000,1.000000,3.000000,2.000000,1.000000,0.000000
"10033",1.000000,2.000000,4.000000,3.000000,2.000000,2.000000,1.000000
"10034",1.000000,4.000000,2.000000,3.000000,2.000000,1.000000,1.000000
"10035",3.000000,4.000000,4.000000,3.000000,1.000000,2.000000,0.000000
"10036",1.000000,4.000000,1.000000,3.000000,4.000000,2.000000,0.000000
"10037",4.000000,2.000000,2.000000,3.000000,1.000000,1.000000,0.000000
"10038",1.000000,2.000000,4.000000,3.000000,1.000000,2.000000,1.000000
"10039",3.000000,4.000000,1.000000,3.000000,3.000000,1.000000,0.000000
"10040",2.000000,2.000000,4.000000,3.000000,3.000000,2.000000,1.000000
"10041",2.000000,2.000000,2.000000,3.000000,3.000000,1.000000,1.000000
"10042",1.000000,2.000000,1.000000,3.000000,1.000000,2.000000,1.000000
"10043",4.000000,4.000000,2.000000,3.000000,3.000000,2.000000,1.000000
"10044",1.000000,2.000000,1.000000,3.000000,3.000000,2.000000,1.000000
"10045",2.000000,2.000000,1.000000,1.000000,1.000000,1.000000,1.000000
"10046",3.000000,2.000000,1.000000,1.000000,2.000000,1.000000,1.000000
"10047",3.000000,2.000000,2.000000,2.000000,1.000000,2.000000,0.000000
"10048",3.000000,2.000000,4.000000,4.000000,2.000000,2.000000,1.000000
"10049",4.000000,2.000000,2.000000,2.000000,3.000000,1.000000,0.000000
"10050",1.000000,2.000000,1.000000,1.000000,1.000000,2.000000,0.000000
"10051",4.000000,2.000000,1.000000,2.000000,1.000000,1.000000,1.000000
"10052",2.000000,4.000000,2.000000,4.000000,1.000000,2.000000,1.000000
"10053",3.000000,1.000000,2.000000,3.000000,3.000000,1.000000,1.000000
"10054",2.000000,2.000000,2.000000,3.000000,2.000000,2.000000,1.000000
"10055",2.000000,4.000000,2.000000,3.000000,2.000000,1.000000,0.000000
"10056",4.000000,2.000000,2.000000,2.000000,2.000000,2.000000,1.000000
"10057",3.000000,1.000000,1.000000,1.000000,1.000000,2.000000,1.000000
"10058",2.000000,2.000000,2.000000,2.000000,4.000000,2.000000,1.000000
"10059",1.000000,3.000000,1.000000,1.000000,1.000000,2.000000,1.000000
"10060",4.000000,4.000000,2.000000,2.000000,1.000000,1.000000,0.000000
"10061",4.000000,2.000000,3.000000,3.000000,3.000000,2.000000,0.000000
"10062",1.000000,2.000000,1.000000,1.000000,3.000000,2.000000,0.000000
"10063",3.000000,3.000000,1.000000,1.000000,3.000000,1.000000,0.000000
"10064",4.000000,3.000000,1.000000,1.000000,1.000000,1.000000,1.000000
"10065",2.000000,2.000000,3.000000,3.000000,3.000000,1.000000,1.000000
"10066",1.000000,2.000000,2.000000,2.000000,3.000000,1.000000,0.000000
"10067",3.000000,2.000000,2.000000,2.000000,1.000000,2.000000,0.000000
"10068",3.000000,2.000000,2.000000,2.000000,2.000000,1.000000,0.000000
"10069",3.000000,3.000000,1.000000,2.000000,1.000000,2.000000,0.000000
"10070",1.000000,1.000000,4.000000,1.000000,2.000000,1.000000,0.000000
"10071",4.000000,3.000000,1.000000,2.000000,3.000000,1.000000,0.000000
"10072",2.000000,2.000000,1.000000,4.000000,1.000000,2.000000,0.000000
"10073",2.000000,2.000000,3.000000,3.000000,1.000000,2.000000,0.000000
"10074",3.000000,2.000000,3.000000,3.000000,1.000000,2.000000,0.000000
"10075",3.000000,2.000000,3.000000,3.000000,3.000000,1.000000,0.000000
"10076",2.000000,2.000000,1.000000,2.000000,2.000000,2.000000,0.000000
"10077",2.000000,2.000000,3.000000,3.000000,2.000000,1.000000,0.000000
"10078",1.000000,4.000000,3.000000,3.000000,2.000000,2.000000,0.000000
"10079",4.000000,4.000000,4.000000,4.000000,1.000000,1.000000,0.000000
"10080",3.000000,2.000000,1.000000,1.000000,4.000000,1.000000,0.000000
"10081",1.000000,3.000000,2.000000,2.000000,1.000000,2.000000,0.000000
"10082",3.000000,2.000000,4.000000,1.000000,1.000000,2.000000,0.000000
"10083",4.000000,2.000000,1.000000,2.000000,3.000000,2.000000,0.000000
"10084",3.000000,2.000000,1.000000,4.000000,1.000000,2.000000,0.000000
"10085",4.000000,2.000000,2.000000,3.000000,2.000000,1.000000,0.000000
"10086",1.000000,1.000000,4.000000,3.000000,1.000000,1.000000,0.000000
"10087",2.000000,2.000000,2.000000,3.000000,2.000000,1.000000,0.000000
"10088",1.000000,2.000000,3.000000,3.000000,3.000000,2.000000,0.000000
"10089",2.000000,2.000000,4.000000,3.000000,1.000000,1.000000,0.000000
"10090",2.000000,2.000000,1.000000,3.000000,1.000000,1.000000,0.000000
"10091",2.000000,1.000000,1.000000,3.000000,1.000000,1.000000,0.000000
"10092",2.000000,3.000000,1.000000,3.000000,3.000000,1.000000,0.000000
"10093",2.000000,1.000000,3.000000,3.000000,2.000000,1.000000,0.000000
"10094",2.000000,1.000000,2.000000,3.000000,2.000000,1.000000,0.000000
"10095",3.000000,2.000000,4.000000,3.000000,2.000000,2.000000,0.000000
"10096",4.000000,3.000000,4.000000,3.000000,1.000000,2.000000,0.000000
"10097",4.000000,1.000000,4.000000,3.000000,4.000000,1.000000,0.000000
"10098",3.000000,4.000000,3.000000,3.000000,1.000000,1.000000,1.000000
"10099",1.000000,1.000000,2.000000,3.000000,1.000000,2.000000,1.000000
"10100",3.000000,4.000000,2.000000,3.000000,3.000000,1.000000,1.000000
"10101",2.000000,2.000000,1.000000,3.000000,3.000000,2.000000,0.000000
"10102",1.000000,2.000000,1.000000,3.000000,3.000000,1.000000,0.000000
"10103",1.000000,2.000000,3.000000,3.000000,1.000000,1.000000,0.000000
"10104",4.000000,2.000000,2.000000,3.000000,3.000000,2.000000,0.000000
"10105",2.000000,4.000000,1.000000,3.000000,3.000000,2.000000,1.000000
"10106",2.000000,2.000000,1.000000,3.000000,1.000000,1.000000,1.000000
"10107",4.000000,1.000000,4.000000,2.000000,2.000000,2.000000,1.000000
"10108",2.000000,2.000000,1.000000,1.000000,1.000000,2.000000,0.000000
"10109",1.000000,2.000000,2.000000,2.000000,2.000000,1.000000,0.000000
"10110",3.000000,2.000000,2.000000,2.000000,3.000000,1.000000,0.000000
"10111",4.000000,3.000000,2.000000,2.000000,1.000000,1.000000,1.000000
"10112",4.000000,2.000000,1.000000,1.000000,1.000000,2.000000,0.000000
"10113",1.000000,2.000000,2.000000,2.000000,1.000000,2.000000,0.000000
"10114",3.000000,2.000000,2.000000,2.000000,3.000000,2.000000,1.000000
"10115",2.000000,2.000000,2.000000,2.000000,2.000000,1.000000,0.000000
"10116",2.000000,2.000000,4.000000,4.000000,2.000000,2.000000,0.000000
"10117",2.000000,2.000000,1.000000,1.000000,2.000000,1.000000,1.000000
"10118",3.000000,2.000000,2.000000,2.000000,1.000000,2.000000,1.000000
"10119",4.000000,2.000000,4.000000,4.000000,4.000000,2.000000,1.000000
"10120",2.000000,4.000000,1.000000,1.000000,1.000000,2.000000,1.000000
"10121",4.000000,3.000000,2.000000,2.000000,1.000000,2.000000,1.000000
"10122",2.000000,4.000000,4.000000,4.000000,3.000000,2.000000,0.000000
"10123",3.000000,2.000000,4.000000,4.000000,1.000000,1.000000,0.000000
"10124",4.000000,2.000000,2.000000,2.000000,2.000000,2.000000,0.000000
"10125",3.000000,1.000000,3.000000,3.000000,1.000000,1.000000,0.000000
"10126",2.000000,1.000000,2.000000,2.000000,2.000000,1.000000,0.000000
"10127",1.000000,1.000000,1.000000,1.000000,3.000000,1.000000,1.000000
"10128",1.000000,1.000000,1.000000,1.000000,1.000000,1.000000,0.000000
"10129",2.000000,2.000000,2.000000,3.000000,1.000000,2.000000,0.000000
"10130",2.000000,1.000000,2.000000,3.000000,1.000000,1.000000,0.000000
"10131",3.000000,2.000000,1.000000,3.000000,3.000000,1.000000,0.000000
"10132",2.000000,2.000000,1.000000,3.000000,2.000000,2.000000,0.000000
"10133",3.000000,2.000000,2.000000,3.000000,2.000000,1.000000,0.000000
"10134",2.000000,2.000000,2.000000,3.000000,2.000000,2.000000,0.000000
"10135",2.000000,2.000000,1.000000,3.000000,1.000000,2.000000,0.000000
"10136",3.000000,2.000000,1.000000,3.000000,4.000000,1.000000,0.000000
"10137",4.000000,2.000000,1.000000,3.000000,1.000000,2.000000,0.000000
"10138",1.000000,4.000000,2.000000,3.000000,1.000000,2.000000,0.000000
"10139",4.000000,2.000000,1.000000,3.000000,3.000000,1.000000,0.000000
"10140",2.000000,3.000000,1.000000,3.000000,3.000000,1.000000,0.000000
"10141",4.000000,4.000000,4.000000,3.000000,3.000000,1.000000,0.000000
"10142",2.000000,1.000000,3.000000,3.000000,1.000000,1.000000,0.000000
"10143",1.000000,2.000000,3.000000,3.000000,3.000000,2.000000,0.000000
"10144",4.000000,1.000000,2.000000,3.000000,3.000000,1.000000,0.000000
"10145",1.000000,4.000000,1.000000,3.000000,1.000000,2.000000,0.000000
"10146",1.000000,2.000000,1.000000,3.000000,2.000000,2.000000,0.000000
"10147",3.000000,2.000000,1.000000,3.000000,1.000000,2.000000,0.000000
"10148",1.000000,1.000000,3.000000,3.000000,2.000000,2.000000,0.000000
"10149",2.000000,2.000000,1.000000,3.000000,3.000000,1.000000,1.000000
"10150",3.000000,2.000000,1.000000,3.000000,1.000000,1.000000,1.000000
"10151",3.000000,2.000000,4.000000,3.000000,1.000000,2.000000,1.000000
"10152",2.000000,2.000000,4.000000,3.000000,1.000000,1.000000,0.000000
"10153",3.000000,3.000000,1.000000,3.000000,3.000000,2.000000,0.000000
"10154",3.000000,3.000000,2.000000,2.000000,2.000000,1.000000,0.000000
"10155",3.000000,2.000000,1.000000,1.000000,2.000000,2.000000,1.000000
"10156",1.000000,3.000000,4.000000,4.000000,2.000000,2.000000,1.000000
"10157",3.000000,3.000000,2.000000,2.000000,1.000000,1.000000,1.000000
"10158",3.000000,3.000000,3.000000,3.000000,4.000000,2.000000,0.000000
"10159",2.000000,3.000000,4.000000,4.000000,1.000000,1.000000,1.000000
"10160",2.000000,3.000000,1.000000,1.000000,1.000000,1.000000,1.000000
"10161",2.000000,3.000000,4.000000,4.000000,3.000000,1.000000,0.000000
"10162",1.000000,3.000000,1.000000,1.000000,1.000000,2.000000,1.000000
"10163",2.000000,3.000000,2.000000,2.000000,2.000000,1.000000,0.000000
"10164",2.000000,3.000000,3.000000,3.000000,1.000000,1.000000,1.000000
"10165",2.000000,3.000000,1.000000,1.000000,2.000000,1.000000,0.000000
"10166",2.000000,3.000000,3.000000,3.000000,3.000000,2.000000,0.000000
"10167",4.000000,3.000000,4.000000,4.000000,1.000000,1.000000,0.000000
"10168",3.000000,3.000000,2.000000,2.000000,1.000000,2.000000,0.000000
"10169",4.000000,3.000000,2.000000,2.000000,1.000000,1.000000,1.000000
"10170",2.000000,3.000000,4.000000,4.000000,3.000000,1.000000,0.000000
"10171",2.000000,3.000000,1.000000,1.000000,2.000000,2.000000,0.000000
"10172",2.000000,3.000000,4.000000,4.000000,2.000000,2.000000,0.000000
"10173",1.000000,3.000000,2.000000,2.000000,2.000000,1.000000,0.000000
"10174",2.000000,3.000000,2.000000,2.000000,1.000000,1.000000,0.000000
"10175",2.000000,4.000000,4.000000,4.000000,4.000000,1.000000,0.000000
"10176",2.000000,2.000000,2.000000,2.000000,1.000000,2.000000,0.000000
"10177",2.000000,4.000000,4.000000,3.000000,1.000000,1.000000,0.000000
"10178",3.000000,1.000000,2.000000,3.000000,3.000000,2.000000,0.000000
"10179",3.000000,2.000000,2.000000,3.000000,3.000000,2.000000,0.000000
"10180",2.000000,2.000000,2.000000,3.000000,3.000000,1.000000,0.000000
"10181",2.000000,2.000000,2.000000,3.000000,1.000000,2.000000,0.000000
"10182",1.000000,2.000000,1.000000,3.000000,3.000000,1.000000,0.000000
"10183",3.000000,1.000000,1.000000,3.000000,3.000000,2.000000,0.000000
"10184",2.000000,1.000000,1.000000,3.000000,1.000000,2.000000,0.000000
"10185",1.000000,2.000000,2.000000,3.000000,2.000000,2.000000,0.000000
"10186",1.000000,2.000000,1.000000,3.000000,1.000000,1.000000,0.000000
"10187",1.000000,2.000000,3.000000,3.000000,2.000000,1.000000,0.000000
"10188",2.000000,2.000000,1.000000,3.000000,3.000000,1.000000,0.000000
"10189",1.000000,1.000000,2.000000,3.000000,1.000000,2.000000,0.000000
"10190",1.000000,2.000000,2.000000,3.000000,1.000000,1.000000,0.000000
"10191",2.000000,2.000000,4.000000,3.000000,1.000000,1.000000,0.000000
"10192",1.000000,1.000000,1.000000,3.000000,3.000000,1.000000,0.000000
"10193",3.000000,2.000000,4.000000,3.000000,2.000000,1.000000,0.000000
"10194",1.000000,4.000000,1.000000,3.000000,2.000000,2.000000,0.000000
"10195",4.000000,2.000000,1.000000,3.000000,2.000000,1.000000,0.000000
"10196",3.000000,1.000000,4.000000,3.000000,1.000000,2.000000,0.000000
"10197",3.000000,2.000000,1.000000,3.000000,4.000000,1.000000,0.000000
"10198",2.000000,2.000000,3.000000,3.000000,1.000000,2.000000,0.000000
"10199",1.000000,2.000000,3.000000,3.000000,1.000000,2.000000,0.000000
"10200",1.000000,3.000000,4.000000,3.000000,3.000000,2.000000,0.000000
"10201",2.000000,2.000000,2.000000,3.000000,1.000000,2.000000,0.000000
"10202",1.000000,2.000000,4.000000,3.000000,3.000000,1.000000,1.000000
"10203",1.000000,4.000000,1.000000,3.000000,2.000000,1.000000,1.000000
"10204",2.000000,4.000000,2.000000,3.000000,2.000000,1.000000,0.000000
"10205",3.000000,2.000000,3.000000,3.000000,2.000000,1.000000,0.000000
"10206",3.000000,1.000000,1.000000,1.000000,3.000000,2.000000,0.000000
"10207",1.000000,1.000000,4.000000,4.000000,4.000000,2.000000,0.000000
"10208",3.000000,2.000000,4.000000,4.000000,1.000000,2.000000,0.000000
"10209",1.000000,3.000000,1.000000,1.000000,1.000000,1.000000,0.000000
"10210",1.000000,2.000000,2.000000,2.000000,2.000000,2.000000,0.000000
"10211",1.000000,1.000000,2.000000,2.000000,4.000000,2.000000,1.000000
"10212",2.000000,2.000000,2.000000,2.000000,2.000000,2.000000,0.000000
"10213",1.000000,2.000000,1.000000,1.000000,4.000000,2.000000,0.000000
"10214",3.000000,3.000000,1.000000,1.000000,3.000000,2.000000,1.000000
"10215",1.000000,2.000000,2.000000,2.000000,4.000000,1.000000,0.000000
"10216",1.000000,2.000000,2.000000,2.000000,2.000000,2.000000,1.000000
"10217",2.000000,1.000000,2.000000,2.000000,2.000000,2.000000,0.000000
"10218",2.000000,3.000000,1.000000,1.000000,1.000000,1.000000,0.000000
"10219",1.000000,3.000000,1.000000,1.000000,2.000000,2.000000,0.000000
"10220",1.000000,3.000000,1.000000,1.000000,3.000000,1.000000,0.000000
"10221",1.000000,3.000000,1.000000,1.000000,4.000000,1.000000,0.000000
"10222",2.000000,3.000000,1.000000,1.000000,3.000000,1.000000,1.000000
"10223",3.000000,3.000000,2.000000,2.000000,1.000000,1.000000,0.000000
"10224",4.000000,3.000000,2.000000,2.000000,1.000000,1.000000,0.000000
"10225",2.000000,3.000000,1.000000,1.000000,3.000000,1.000000,1.000000
"10226",2.000000,3.000000,4.000000,4.000000,2.000000,1.000000,0.000000
"10227",4.000000,3.000000,2.000000,2.000000,3.000000,1.000000,1.000000
"10228",3.000000,3.000000,1.000000,1.000000,1.000000,1.000000,0.000000
"10229",2.000000,3.000000,4.000000,4.000000,3.000000,1.000000,1.000000
"10230",2.000000,3.000000,2.000000,2.000000,2.000000,2.000000,0.000000
"10231",2.000000,3.000000,3.000000,3.000000,2.000000,1.000000,0.000000
"10232",2.000000,3.000000,1.000000,1.000000,2.000000,1.000000,1.000000
"10233",3.000000,3.000000,1.000000,1.000000,2.000000,1.000000,0.000000
"10234",1.000000,3.000000,2.000000,2.000000,2.000000,1.000000,0.000000
"10235",2.000000,3.000000,2.000000,2.000000,2.000000,1.000000,0.000000
"10236",1.000000,3.000000,2.000000,2.000000,3.000000,2.000000,0.000000
"10237",4.000000,3.000000,4.000000,4.000000,1.000000,1.000000,0.000000
"10238",4.000000,4.000000,1.000000,1.000000,4.000000,2.000000,0.000000
"10239",2.000000,2.000000,4.000000,4.000000,1.000000,1.000000,0.000000
"10240",1.000000,3.000000,1.000000,1.000000,2.000000,1.000000,0.000000
"10241",2.000000,2.000000,2.000000,3.000000,1.000000,2.000000,0.000000
"10242",2.000000,2.000000,4.000000,3.000000,1.000000,2.000000,0.000000
"10243",2.000000,1.000000,4.000000,3.000000,1.000000,2.000000,0.000000
"10244",4.000000,2.000000,4.000000,3.000000,2.000000,1.000000,0.000000
"10245",2.000000,2.000000,2.000000,3.000000,4.000000,1.000000,0.000000
"10246",3.000000,2.000000,4.000000,3.000000,4.000000,2.000000,0.000000
"10247",2.000000,1.000000,2.000000,3.000000,1.000000,1.000000,0.000000
"10248",1.000000,2.000000,3.000000,3.000000,3.000000,1.000000,0.000000
"10249",2.000000,1.000000,4.000000,3.000000,4.000000,1.000000,0.000000
"10250",4.000000,2.000000,1.000000,3.000000,2.000000,2.000000,0.000000
"10251",4.000000,2.000000,3.000000,3.000000,3.000000,2.000000,0.000000
"10252",2.000000,2.000000,1.000000,4.000000,1.000000,2.000000,0.000000
"10253",2.000000,2.000000,4.000000,3.000000,4.000000,2.000000,0.000000
"10254",1.000000,2.000000,2.000000,3.000000,4.000000,1.000000,0.000000
"10255",1.000000,2.000000,1.000000,3.000000,4.000000,2.000000,0.000000
"10256",4.000000,2.000000,1.000000,4.000000,3.000000,1.000000,0.000000
"10257",1.000000,2.000000,2.000000,4.000000,4.000000,1.000000,0.000000
"10258",4.000000,2.000000,1.000000,4.000000,2.000000,1.000000,0.000000
"10259",2.000000,1.000000,3.000000,4.000000,1.000000,2.000000,0.000000
"10260",2.000000,4.000000,3.000000,4.000000,2.000000,2.000000,0.000000
"10261",3.000000,3.000000,2.000000,4.000000,2.000000,2.000000,0.000000
"10262",1.000000,2.000000,1.000000,4.000000,4.000000,1.000000,0.000000
"10263",1.000000,4.000000,1.000000,4.000000,1.000000,2.000000,0.000000
"10264",2.000000,4.000000,3.000000,4.000000,4.000000,2.000000,0.000000
"10265",4.000000,4.000000,2.000000,4.000000,2.000000,1.000000,0.000000
"10266",4.000000,4.000000,3.000000,4.000000,4.000000,2.000000,0.000000
"10267",3.000000,4.000000,3.000000,4.000000,4.000000,2.000000,1.000000
"10268",3.000000,4.000000,1.000000,4.000000,1.000000,1.000000,1.000000
"10269",2.000000,4.000000,3.000000,4.000000,2.000000,1.000000,0.000000
"10270",1.000000,4.000000,2.000000,4.000000,2.000000,2.000000,1.000000
"10271",1.000000,4.000000,2.000000,4.000000,3.000000,2.000000,1.000000
"10272",4.000000,4.000000,1.000000,4.000000,2.000000,2.000000,1.000000
"10273",1.000000,4.000000,1.000000,4.000000,2.000000,1.000000,0.000000
"10274",2.000000,4.000000,3.000000,4.000000,1.000000,1.000000,0.000000
"10275",1.000000,4.000000,4.000000,4.000000,1.000000,2.000000,1.000000
"10276",4.000000,4.000000,4.000000,4.000000,1.000000,1.000000,0.000000
"10277",3.000000,4.000000,3.000000,4.000000,2.000000,1.000000,1.000000
"10278",4.000000,2.000000,2.000000,4.000000,3.000000,1.000000,1.000000
"10279",2.000000,3.000000,4.000000,4.000000,2.000000,2.000000,0.000000
"10280",4.000000,1.000000,4.000000,4.000000,4.000000,1.000000,0.000000
"10281",2.000000,1.000000,1.000000,4.000000,3.000000,1.000000,0.000000
"10282",3.000000,2.000000,2.000000,4.000000,1.000000,2.000000,0.000000
"10283",3.000000,1.000000,4.000000,4.000000,2.000000,1.000000,0.000000
"10284",3.000000,2.000000,1.000000,4.000000,2.000000,2.000000,0.000000
"10285",4.000000,2.000000,2.000000,4.000000,2.000000,1.000000,0.000000
"10286",1.000000,2.000000,3.000000,4.000000,4.000000,1.000000,0.000000
"10287",1.000000,3.000000,1.000000,4.000000,3.000000,2.000000,0.000000
"10288",1.000000,2.000000,3.000000,4.000000,2.000000,2.000000,0.000000
"10289",4.000000,2.000000,1.000000,4.000000,1.000000,2.000000,0.000000
"10290",1.000000,2.000000,1.000000,4.000000,3.000000,1.000000,0.000000
"10291",2.000000,2.000000,1.000000,4.000000,1.000000,2.000000,0.000000
"10292",2.000000,2.000000,1.000000,4.000000,3.000000,1.000000,0.000000
"10293",1.000000,1.000000,2.000000,4.000000,2.000000,1.000000,0.000000
"10294",1.000000,2.000000,3.000000,4.000000,2.000000,1.000000,0.000000
"10295",3.000000,1.000000,2.000000,4.000000,1.000000,1.000000,0.000000
"10296",2.000000,4.000000,1.000000,4.000000,2.000000,2.000000,0.000000
"10297",2.000000,2.000000,2.000000,4.000000,2.000000,2.000000,0.000000
"10298",2.000000,1.000000,2.000000,4.000000,2.000000,1.000000,0.000000
"10299",2.000000,2.000000,1.000000,4.000000,2.000000,1.000000,0.000000
"10300",1.000000,2.000000,1.000000,4.000000,2.000000,2.000000,0.000000
"10301",1.000000,2.000000,3.000000,4.000000,1.000000,1.000000,0.000000
"10302",1.000000,2.000000,4.000000,4.000000,4.000000,2.000000,0.000000
"10303",3.000000,2.000000,2.000000,4.000000,1.000000,1.000000,0.000000
"10304",3.000000,1.000000,3.000000,4.000000,1.000000,1.000000,1.000000
"10305",2.000000,1.000000,4.000000,4.000000,4.000000,2.000000,0.000000
"10306",3.000000,2.000000,2.000000,4.000000,2.000000,2.000000,1.000000
"10307",1.000000,1.000000,2.000000,4.000000,3.000000,1.000000,0.000000
"10308",4.000000,2.000000,2.000000,4.000000,1.000000,1.000000,0.000000
"10309",1.000000,2.000000,1.000000,1.000000,4.000000,1.000000,0.000000
"10310",2.000000,2.000000,2.000000,2.000000,2.000000,2.000000,1.000000
"10311",4.000000,2.000000,1.000000,1.000000,3.000000,2.000000,1.000000
"10312",4.000000,2.000000,4.000000,4.000000,2.000000,2.000000,1.000000
"10313",2.000000,3.000000,3.000000,3.000000,1.000000,1.000000,1.000000
"10314",1.000000,2.000000,3.000000,3.000000,3.000000,2.000000,1.000000
"10315",2.000000,2.000000,1.000000,3.000000,1.000000,1.000000,1.000000
"10316",2.000000,2.000000,4.000000,3.000000,3.000000,1.000000,0.000000
"10317",2.000000,2.000000,1.000000,3.000000,2.000000,1.000000,0.000000
"10318",2.000000,1.000000,4.000000,3.000000,2.000000,1.000000,0.000000
"10319",2.000000,1.000000,3.000000,3.000000,4.000000,2.000000,1.000000
"10320",2.000000,2.000000,1.000000,3.000000,4.000000,2.000000,1.000000
"10321",1.000000,2.000000,4.000000,3.000000,1.000000,1.000000,0.000000
"10322",1.000000,2.000000,1.000000,3.000000,4.000000,1.000000,0.000000
"10323",4.000000,1.000000,2.000000,3.000000,4.000000,2.000000,0.000000
"10324",4.000000,1.000000,1.000000,3.000000,3.000000,2.000000,0.000000
"10325",1.000000,2.000000,1.000000,3.000000,1.000000,2.000000,0.000000
"10326",2.000000,2.000000,4.000000,3.000000,1.000000,1.000000,0.000000
"10327",2.000000,2.000000,4.000000,3.000000,4.000000,2.000000,0.000000
"10328",1.000000,1.000000,4.000000,3.000000,4.000000,1.000000,0.000000
"10329",3.000000,4.000000,2.000000,3.000000,2.000000,1.000000,0.000000
"10330",1.000000,4.000000,3.000000,3.000000,1.000000,2.000000,0.000000
"10331",2.000000,4.000000,3.000000,3.000000,4.000000,1.000000,0.000000
"10332",2.000000,4.000000,1.000000,3.000000,3.000000,1.000000,0.000000
"10333",1.000000,4.000000,1.000000,3.000000,3.000000,2.000000,0.000000
"10334",2.000000,4.000000,4.000000,4.000000,2.000000,1.000000,0.000000
"10335",1.000000,4.000000,4.000000,4.000000,2.000000,2.000000,0.000000
"10336",3.000000,4.000000,2.000000,2.000000,1.000000,2.000000,0.000000
"10337",3.000000,4.000000,1.000000,1.000000,3.000000,1.000000,0.000000
"10338",3.000000,4.000000,2.000000,2.000000,1.000000,1.000000,0.000000
"10339",1.000000,4.000000,2.000000,2.000000,1.000000,1.000000,0.000000
"10340",3.000000,4.000000,4.000000,4.000000,4.000000,2.000000,0.000000
"10341",1.000000,4.000000,2.000000,2.000000,2.000000,2.000000,0.000000
"10342",2.000000,4.000000,3.000000,3.000000,3.000000,2.000000,0.000000
"10343",2.000000,4.000000,2.000000,2.000000,4.000000,1.000000,0.000000
"10344",1.000000,4.000000,4.000000,4.000000,3.000000,2.000000,0.000000
"10345",2.000000,4.000000,1.000000,1.000000,4.000000,2.000000,0.000000
"10346",2.000000,1.000000,2.000000,2.000000,3.000000,1.000000,0.000000
"10347",1.000000,2.000000,1.000000,1.000000,2.000000,1.000000,0.000000
"10348",3.000000,2.000000,4.000000,4.000000,1.000000,2.000000,0.000000
"10349",4.000000,2.000000,3.000000,3.000000,1.000000,1.000000,0.000000
"10350",1.000000,1.000000,4.000000,4.000000,2.000000,2.000000,0.000000
"10351",2.000000,2.000000,2.000000,2.000000,4.000000,2.000000,0.000000
"10352",2.000000,2.000000,2.000000,2.000000,1.000000,2.000000,0.000000
"10353",4.000000,3.000000,3.000000,3.000000,4.000000,1.000000,0.000000
"10354",2.000000,2.000000,4.000000,4.000000,3.000000,2.000000,0.000000
"10355",1.000000,4.000000,3.000000,3.000000,3.000000,1.000000,0.000000
"10356",2.000000,2.000000,3.000000,3.000000,3.000000,2.000000,1.000000
"10357",4.000000,2.000000,3.000000,3.000000,4.000000,2.000000,0.000000
"10358",4.000000,2.000000,2.000000,2.000000,4.000000,1.000000,0.000000
"10359",1.000000,2.000000,3.000000,3.000000,2.000000,2.000000,1.000000
"10360",4.000000,2.000000,4.000000,4.000000,1.000000,2.000000,1.000000
"10361",1.000000,2.000000,2.000000,3.000000,1.000000,2.000000,1.000000
"10362",1.000000,2.000000,2.000000,3.000000,3.000000,2.000000,0.000000
"10363",4.000000,1.000000,2.000000,3.000000,3.000000,1.000000,0.000000
"10364",1.000000,2.000000,3.000000,3.000000,3.000000,1.000000,1.000000
"10365",2.000000,2.000000,3.000000,3.000000,3.000000,1.000000,1.000000
"10366",2.000000,4.000000,2.000000,3.000000,4.000000,2.000000,1.000000
"10367",4.000000,2.000000,2.000000,3.000000,2.000000,2.000000,1.000000
"10368",1.000000,2.000000,1.000000,3.000000,4.000000,1.000000,1.000000
"10369",2.000000,2.000000,4.000000,3.000000,3.000000,2.000000,0.000000
"10370",2.000000,2.000000,1.000000,3.000000,2.000000,2.000000,0.000000
"10371",2.000000,2.000000,1.000000,3.000000,4.000000,1.000000,0.000000
"10372",1.000000,2.000000,1.000000,3.000000,2.000000,2.000000,1.000000
"10373",2.000000,2.000000,2.000000,3.000000,2.000000,2.000000,1.000000
"10374",1.000000,2.000000,3.000000,3.000000,3.000000,2.000000,1.000000
"10375",3.000000,2.000000,1.000000,3.000000,3.000000,2.000000,1.000000
"10376",3.000000,2.000000,2.000000,3.000000,1.000000,2.000000,1.000000
"10377",2.000000,1.000000,2.000000,3.000000,1.000000,1.000000,1.000000
"10378",1.000000,4.000000,3.000000,3.000000,4.000000,2.000000,0.000000
"10379",4.000000,4.000000,3.000000,3.000000,3.000000,1.000000,1.000000
"10380",2.000000,4.000000,2.000000,3.000000,3.000000,2.000000,0.000000
"10381",1.000000,4.000000,1.000000,3.000000,2.000000,2.000000,0.000000
"10382",2.000000,4.000000,4.000000,4.000000,3.000000,1.000000,0.000000
"10383",2.000000,4.000000,2.000000,2.000000,4.000000,2.000000,0.000000
"10384",4.000000,4.000000,1.000000,1.000000,3.000000,1.000000,0.000000
"10385",3.000000,4.000000,3.000000,3.000000,2.000000,2.000000,0.000000
"10386",2.000000,4.000000,2.000000,2.000000,1.000000,2.000000,0.000000
"10387",1.000000,4.000000,2.000000,2.000000,3.000000,2.000000,0.000000
"10388",1.000000,4.000000,2.000000,2.000000,4.000000,2.000000,0.000000
"10389",3.000000,4.000000,3.000000,3.000000,1.000000,1.000000,0.000000
"10390",2.000000,4.000000,1.000000,1.000000,1.000000,2.000000,0.000000
"10391",4.000000,4.000000,2.000000,2.000000,1.000000,2.000000,0.000000
"10392",3.000000,2.000000,3.000000,3.000000,4.000000,1.000000,0.000000
"10393",4.000000,1.000000,2.000000,2.000000,1.000000,1.000000,0.000000
"10394",2.000000,2.000000,4.000000,4.000000,3.000000,1.000000,0.000000
"10395",3.000000,3.000000,3.000000,3.000000,4.000000,2.000000,0.000000
"10396",1.000000,2.000000,4.000000,4.000000,4.000000,2.000000,0.000000
"10397",2.000000,2.000000,1.000000,1.000000,2.000000,2.000000,0.000000
"10398",3.000000,2.000000,3.000000,3.000000,1.000000,2.000000,0.000000
"10399",3.000000,2.000000,4.000000,4.000000,3.000000,2.000000,0.000000
"10400",1.000000,2.000000,2.000000,2.000000,2.000000,2.000000,0.000000
"10401",3.000000,2.000000,2.000000,2.000000,1.000000,1.000000,0.000000
"10402",2.000000,1.000000,1.000000,1.000000,3.000000,1.000000,0.000000
"10403",3.000000,2.000000,3.000000,3.000000,4.000000,1.000000,0.000000
"10404",3.000000,2.000000,2.000000,2.000000,2.000000,1.000000,0.000000
"10405",2.000000,2.000000,1.000000,1.000000,1.000000,2.000000,0.000000
"10406",4.000000,2.000000,2.000000,2.000000,4.000000,1.000000,0.000000
"10407",1.000000,2.000000,2.000000,2.000000,4.000000,1.000000,0.000000
"10408",4.000000,1.000000,1.000000,1.000000,1.000000,2.000000,0.000000
"10409",1.000000,3.000000,1.000000,1.000000,4.000000,1.000000,0.000000
"10410",4.000000,2.000000,3.000000,3.000000,4.000000,2.000000,0.000000
"10411",2.000000,2.000000,2.000000,2.000000,3.000000,2.000000,0.000000
"10412",4.000000,3.000000,1.000000,1.000000,2.000000,2.000000,0.000000
"10413",2.000000,1.000000,2.000000,2.000000,1.000000,1.000000,0.000000
"10414",1.000000,4.000000,1.000000,1.000000,4.000000,1.000000,0.000000
"10415",4.000000,2.000000,3.000000,3.000000,3.000000,1.000000,0.000000
"10416",1.000000,1.000000,1.000000,1.000000,4.000000,2.000000,1.000000
"10417",1.000000,2.000000,2.000000,2.000000,4.000000,1.000000,0.000000
"10418",2.000000,2.000000,1.000000,1.000000,1.000000,2.000000,0.000000
"10419",4.000000,3.000000,3.000000,3.000000,1.000000,2.000000,1.000000
"10420",2.000000,3.000000,2.000000,2.000000,3.000000,1.000000,0.000000
"10421",3.000000,2.000000,2.000000,2.000000,2.000000,1.000000,1.000000
"10422",2.000000,4.000000,3.000000,3.000000,1.000000,1.000000,1.000000
"10423",4.000000,4.000000,2.000000,2.000000,1.000000,1.000000,0.000000
"10424",2.000000,4.000000,2.000000,2.000000,1.000000,1.000000,0.000000
"10425",4.000000,4.000000,2.000000,2.000000,1.000000,2.000000,0.000000
"10426",3.000000,4.000000,3.000000,3.000000,2.000000,1.000000,0.000000
"10427",2.000000,4.000000,2.000000,2.000000,3.000000,1.000000,0.000000
"10428",2.000000,4.000000,1.000000,1.000000,4.000000,2.000000,0.000000
"10429",4.000000,4.000000,2.000000,2.000000,2.000000,1.000000,0.000000
"10430",4.000000,4.000000,2.000000,2.000000,3.000000,1.000000,0.000000
"10431",1.000000,4.000000,2.000000,2.000000,1.000000,1.000000,0.000000
"10432",2.000000,4.000000,2.000000,2.000000,4.000000,1.000000,0.000000
"10433",1.000000,4.000000,2.000000,2.000000,1.000000,1.000000,0.000000
"10434",2.000000,4.000000,2.000000,2.000000,4.000000,1.000000,0.000000
"10435",2.000000,4.000000,1.000000,1.000000,2.000000,2.000000,0.000000
"10436",3.000000,4.000000,1.000000,1.000000,2.000000,2.000000,0.000000
"10437",4.000000,4.000000,4.000000,4.000000,3.000000,1.000000,0.000000
"10438",1.000000,2.000000,4.000000,4.000000,2.000000,2.000000,0.000000
"10439",1.000000,2.000000,2.000000,2.000000,4.000000,1.000000,0.000000
"10440",4.000000,2.000000,4.000000,4.000000,1.000000,2.000000,0.000000
"10441",3.000000,2.000000,2.000000,2.000000,1.000000,1.000000,0.000000
"10442",3.000000,2.000000,1.000000,1.000000,3.000000,2.000000,0.000000
"10443",3.000000,1.000000,1.000000,1.000000,2.000000,2.000000,0.000000
"10444",2.000000,2.000000,2.000000,2.000000,2.000000,2.000000,0.000000
"10445",3.000000,2.000000,4.000000,3.000000,1.000000,1.000000,0.000000
"10446",4.000000,2.000000,1.000000,3.000000,2.000000,1.000000,0.000000
"10447",1.000000,2.000000,1.000000,3.000000,1.000000,2.000000,0.000000
"10448",3.000000,2.000000,2.000000,3.000000,1.000000,1.000000,0.000000
"10449",3.000000,2.000000,2.000000,3.000000,1.000000,1.000000,0.000000
"10450",2.000000,2.000000,4.000000,3.000000,3.000000,1.000000,0.000000
"10451",3.000000,4.000000,2.000000,3.000000,4.000000,1.000000,0.000000
"10452",1.000000,1.000000,1.000000,3.000000,4.000000,1.000000,0.000000
"10453",1.000000,4.000000,3.000000,3.000000,4.000000,2.000000,0.000000
"10454",3.000000,1.000000,3.000000,3.000000,1.000000,1.000000,0.000000
"10455",1.000000,4.000000,3.000000,3.000000,1.000000,2.000000,0.000000
"10456",4.000000,2.000000,2.000000,3.000000,3.000000,1.000000,0.000000
"10457",2.000000,1.000000,2.000000,3.000000,4.000000,2.000000,0.000000
"10458",3.000000,2.000000,1.000000,3.000000,3.000000,2.000000,0.000000
"10459",2.000000,2.000000,2.000000,3.000000,4.000000,1.000000,0.000000
"10460",4.000000,2.000000,4.000000,3.000000,4.000000,1.000000,1.000000
"10461",4.000000,2.000000,4.000000,3.000000,3.000000,1.000000,1.000000
"10462",4.000000,2.000000,1.000000,3.000000,1.000000,2.000000,1.000000
"10463",1.000000,2.000000,1.000000,3.000000,2.000000,2.000000,0.000000
"10464",2.000000,3.000000,3.000000,3.000000,4.000000,2.000000,0.000000
"10465",3.000000,4.000000,1.000000,3.000000,2.000000,1.000000,0.000000
"10466",4.000000,4.000000,1.000000,3.000000,2.000000,1.000000,1.000000
"10467",3.000000,4.000000,3.000000,3.000000,2.000000,2.000000,1.000000
"10468",4.000000,4.000000,1.000000,3.000000,3.000000,1.000000,0.000000
"10469",1.000000,4.000000,3.000000,3.000000,3.000000,2.000000,0.000000
"10470",1.000000,4.000000,1.000000,3.000000,3.000000,2.000000,0.000000
"10471",1.000000,4.000000,2.000000,3.000000,4.000000,1.000000,0.000000
"10472",2.000000,4.000000,2.000000,3.000000,2.000000,1.000000,0.000000
"10473",3.000000,4.000000,3.000000,3.000000,3.000000,2.000000,0.000000
"10474",1.000000,4.000000,2.000000,2.000000,3.000000,1.000000,0.000000
"10475",3.000000,4.000000,3.000000,3.000000,3.000000,1.000000,0.000000
"10476",4.000000,4.000000,1.000000,1.000000,4.000000,2.000000,0.000000
"10477",1.000000,4.000000,1.000000,1.000000,1.000000,2.000000,0.000000
"10478",4.000000,4.000000,2.000000,2.000000,3.000000,2.000000,0.000000
"10479",3.000000,4.000000,2.000000,2.000000,4.000000,1.000000,0.000000
"10480",4.000000,4.000000,1.000000,1.000000,4.000000,1.000000,0.000000
"10481",3.000000,4.000000,2.000000,2.000000,4.000000,2.000000,0.000000
"10482",3.000000,4.000000,1.000000,1.000000,3.000000,2.000000,0.000000
"10483",3.000000,4.000000,2.000000,2.000000,1.000000,1.000000,0.000000
"10484",4.000000,4.000000,1.000000,1.000000,3.000000,2.000000,0.000000
"10485",4.000000,4.000000,1.000000,1.000000,2.000000,2.000000,0.000000
"10486",4.000000,4.000000,2.000000,2.000000,3.000000,1.000000,0.000000
"10487",1.000000,4.000000,2.000000,2.000000,4.000000,2.000000,0.000000
"10488",1.000000,4.000000,1.000000,1.000000,3.000000,1.000000,0.000000
"10489",2.000000,2.000000,3.000000,3.000000,1.000000,2.000000,0.000000
"10490",3.000000,1.000000,2.000000,2.000000,2.000000,2.000000,0.000000
"10491",2.000000,1.000000,1.000000,1.000000,3.000000,1.000000,0.000000
"10492",1.000000,2.000000,3.000000,3.000000,4.000000,2.000000,0.000000
"10493",1.000000,3.000000,4.000000,4.000000,4.000000,2.000000,0.000000
"10494",4.000000,4.000000,3.000000,3.000000,2.000000,1.000000,0.000000
"10495",2.000000,2.000000,1.000000,1.000000,1.000000,2.000000,0.000000
"10496",2.000000,2.000000,3.000000,3.000000,4.000000,2.000000,0.000000
"10497",2.000000,2.000000,2.000000,2.000000,1.000000,1.000000,0.000000
"10498",1.000000,4.000000,4.000000,4.000000,1.000000,2.000000,0.000000
"10499",4.000000,2.000000,1.000000,1.000000,4.000000,1.000000,0.000000
"10500",2.000000,2.000000,1.000000,1.000000,3.000000,1.000000,0.000000
"10501",4.000000,1.000000,1.000000,1.000000,4.000000,1.000000,0.000000
"10502",2.000000,2.000000,2.000000,2.000000,3.000000,2.000000,1.000000
"10503",1.000000,4.000000,1.000000,1.000000,3.000000,1.000000,0.000000
"10504",3.000000,1.000000,1.000000,1.000000,2.000000,1.000000,1.000000
"10505",4.000000,2.000000,1.000000,1.000000,3.000000,2.000000,0.000000
"10506",2.000000,4.000000,2.000000,2.000000,3.000000,1.000000,1.000000
"10507",2.000000,4.000000,2.000000,2.000000,1.000000,1.000000,0.000000
"10508",3.000000,4.000000,4.000000,4.000000,4.000000,2.000000,0.000000
"10509",3.000000,4.000000,3.000000,3.000000,1.000000,2.000000,0.000000
"10510",2.000000,4.000000,2.000000,2.000000,1.000000,2.000000,1.000000
"10511",2.000000,4.000000,2.000000,2.000000,1.000000,2.000000,1.000000
"10512",3.000000,4.000000,2.000000,2.000000,2.000000,2.000000,0.000000
"10513",4.000000,4.000000,1.000000,1.000000,4.000000,2.000000,0.000000
"10514",1.000000,4.000000,1.000000,1.000000,1.000000,2.000000,0.000000
"10515",4.000000,4.000000,4.000000,4.000000,4.000000,2.000000,0.000000
"10516",2.000000,4.000000,2.000000,2.000000,4.000000,1.000000,1.000000
"10517",4.000000,4.000000,4.000000,4.000000,2.000000,2.000000,0.000000
"10518",1.000000,4.000000,2.000000,2.000000,1.000000,1.000000,0.000000
"10519",1.000000,4.000000,4.000000,4.000000,3.000000,1.000000,0.000000
"10520",3.000000,4.000000,1.000000,1.000000,1.000000,2.000000,0.000000
"10521",3.000000,4.000000,1.000000,1.000000,4.000000,2.000000,1.000000
"10522",1.000000,4.000000,3.000000,3.000000,3.000000,1.000000,1.000000
"10523",1.000000,4.000000,4.000000,4.000000,2.000000,1.000000,0.000000
"10524",1.000000,4.000000,2.000000,2.000000,4.000000,1.000000,0.000000
"10525",1.000000,4.000000,3.000000,3.000000,2.000000,2.000000,1.000000
"10526",4.000000,4.000000,4.000000,4.000000,2.000000,1.000000,1.000000
"10527",1.000000,4.000000,4.000000,4.000000,2.000000,1.000000,1.000000
"10528",1.000000,4.000000,1.000000,1.000000,1.000000,2.000000,0.000000
"10529",3.000000,4.000000,4.000000,4.000000,1.000000,2.000000,0.000000
"10530",3.000000,1.000000,2.000000,2.000000,1.000000,1.000000,0.000000
"10531",2.000000,2.000000,1.000000,1.000000,2.000000,2.000000,0.000000
"10532",2.000000,2.000000,1.000000,1.000000,2.000000,1.000000,0.000000
"10533",1.000000,2.000000,1.000000,1.000000,2.000000,2.000000,0.000000
"10534",1.000000,2.000000,2.000000,2.000000,3.000000,2.000000,0.000000
"10535",2.000000,2.000000,2.000000,2.000000,4.000000,1.000000,0.000000
"10536",3.000000,1.000000,3.000000,3.000000,3.000000,1.000000,0.000000
"10537",4.000000,2.000000,1.000000,1.000000,1.000000,1.000000,0.000000
"10538",1.000000,1.000000,2.000000,2.000000,4.000000,2.000000,0.000000
"10539",1.000000,2.000000,3.000000,3.000000,4.000000,2.000000,0.000000
"10540",1.000000,2.000000,1.000000,1.000000,4.000000,1.000000,0.000000
"10541",4.000000,2.000000,1.000000,1.000000,2.000000,2.000000,0.000000
"10542",4.000000,2.000000,4.000000,4.000000,2.000000,1.000000,0.000000
"10543",2.000000,4.000000,1.000000,1.000000,2.000000,1.000000,0.000000
"10544",4.000000,2.000000,2.000000,2.000000,3.000000,2.000000,0.000000
"10545",1.000000,1.000000,1.000000,1.000000,1.000000,1.000000,0.000000
"10546",2.000000,1.000000,1.000000,1.000000,2.000000,1.000000,0.000000
"10547",2.000000,2.000000,2.000000,2.000000,4.000000,1.000000,0.000000
"10548",2.000000,2.000000,1.000000,1.000000,2.000000,2.000000,0.000000
"10549",1.000000,2.000000,2.000000,2.000000,1.000000,1.000000,0.000000
"10550",3.000000,2.000000,1.000000,1.000000,4.000000,1.000000,0.000000
"10551",3.000000,4.000000,1.000000,3.000000,2.000000,1.000000,0.000000
"10552",2.000000,3.000000,2.000000,3.000000,3.000000,1.000000,0.000000
"10553",2.000000,1.000000,2.000000,3.000000,4.000000,1.000000,0.000000
"10554",1.000000,1.000000,1.000000,3.000000,4.000000,1.000000,0.000000
"10555",1.000000,3.000000,4.000000,3.000000,1.000000,2.000000,0.000000
"10556",1.000000,2.000000,1.000000,3.000000,4.000000,1.000000,0.000000
"10557",1.000000,2.000000,1.000000,3.000000,3.000000,1.000000,0.000000
"10558",1.000000,4.000000,4.000000,3.000000,2.000000,1.000000,0.000000
"10559",4.000000,2.000000,1.000000,3.000000,2.000000,1.000000,0.000000
"10560",1.000000,3.000000,3.000000,3.000000,3.000000,1.000000,0.000000
"10561",3.000000,2.000000,2.000000,3.000000,2.000000,1.000000,0.000000
"10562",2.000000,4.000000,4.000000,3.000000,1.000000,2.000000,0.000000
"10563",1.000000,1.000000,2.000000,3.000000,2.000000,1.000000,1.000000
"10564",2.000000,1.000000,3.000000,3.000000,3.000000,2.000000,0.000000
"10565",3.000000,2.000000,4.000000,3.000000,4.000000,1.000000,1.000000
"10566",4.000000,2.000000,1.000000,3.000000,1.000000,1.000000,0.000000
"10567",3.000000,2.000000,1.000000,3.000000,4.000000,2.000000,1.000000
"10568",1.000000,2.000000,2.000000,3.000000,4.000000,2.000000,1.000000
"10569",1.000000,2.000000,1.000000,3.000000,1.000000,2.000000,0.000000
"10570",4.000000,2.000000,3.000000,3.000000,2.000000,2.000000,1.000000
"10571",1.000000,2.000000,4.000000,3.000000,2.000000,2.000000,0.000000
"10572",4.000000,2.000000,4.000000,3.000000,4.000000,2.000000,1.000000
"10573",3.000000,1.000000,4.000000,3.000000,4.000000,2.000000,1.000000
"10574",1.000000,1.000000,2.000000,3.000000,4.000000,2.000000,0.000000
"10575",3.000000,2.000000,2.000000,3.000000,3.000000,1.000000,0.000000
"10576",1.000000,2.000000,3.000000,3.000000,4.000000,1.000000,1.000000
"10577",2.000000,2.000000,3.000000,3.000000,2.000000,2.000000,1.000000
"10578",1.000000,1.000000,3.000000,3.000000,1.000000,2.000000,1.000000
"10579",4.000000,2.000000,1.000000,3.000000,2.000000,2.000000,1.000000
"10580",2.000000,2.000000,2.000000,3.000000,3.000000,2.000000,0.000000
"10581",4.000000,1.000000,3.000000,3.000000,1.000000,1.000000,1.000000
"10582",1.000000,2.000000,2.000000,3.000000,2.000000,2.000000,1.000000
"10583",2.000000,4.000000,1.000000,1.000000,4.000000,1.000000,0.000000
"10584",2.000000,4.000000,3.000000,3.000000,3.000000,1.000000,0.000000
"10585",3.000000,4.000000,3.000000,3.000000,3.000000,1.000000,1.000000
"10586",2.000000,4.000000,2.000000,2.000000,3.000000,1.000000,0.000000
"10587",2.000000,4.000000,2.000000,2.000000,4.000000,1.000000,0.000000
"10588",1.000000,4.000000,3.000000,3.000000,4.000000,1.000000,1.000000
"10589",2.000000,4.000000,1.000000,1.000000,4.000000,2.000000,1.000000
"10590",3.000000,4.000000,1.000000,1.000000,1.000000,1.000000,0.000000
"10591",2.000000,4.000000,1.000000,1.000000,4.000000,1.000000,0.000000
"10592",4.000000,4.000000,2.000000,2.000000,2.000000,2.000000,0.000000
"10593",2.000000,4.000000,2.000000,2.000000,4.000000,2.000000,0.000000
"10594",2.000000,4.000000,4.000000,4.000000,2.000000,1.000000,0.000000
"10595",2.000000,4.000000,2.000000,2.000000,1.000000,2.000000,0.000000
"10596",1.000000,4.000000,1.000000,1.000000,4.000000,2.000000,0.000000
"10597",1.000000,4.000000,2.000000,2.000000,2.000000,1.000000,0.000000
"10598",1.000000,4.000000,1.000000,1.000000,4.000000,1.000000,0.000000
"10599",2.000000,4.000000,1.000000,1.000000,1.000000,1.000000,0.000000
"10600",2.000000,4.000000,3.000000,3.000000,4.000000,2.000000,0.000000
"10601",2.000000,4.000000,2.000000,2.000000,2.000000,1.000000,0.000000
"10602",4.000000,4.000000,1.000000,1.000000,4.000000,2.000000,0.000000
"10603",2.000000,4.000000,3.000000,3.000000,4.000000,1.000000,0.000000
"10604",3.000000,4.000000,1.000000,1.000000,2.000000,1.000000,0.000000
"10605",3.000000,4.000000,1.000000,1.000000,2.000000,2.000000,0.000000
"10606",4.000000,1.000000,2.000000,2.000000,1.000000,2.000000,0.000000
"10607",2.000000,2.000000,2.000000,2.000000,4.000000,1.000000,0.000000
"10608",2.000000,4.000000,4.000000,4.000000,4.000000,2.000000,0.000000
"10609",2.000000,1.000000,2.000000,2.000000,1.000000,2.000000,0.000000
"10610",3.000000,2.000000,2.000000,2.000000,3.000000,2.000000,0.000000
"10611",2.000000,2.000000,3.000000,3.000000,3.000000,2.000000,0.000000
"10612",2.000000,4.000000,3.000000,3.000000,1.000000,1.000000,0.000000
"10613",3.000000,2.000000,4.000000,4.000000,4.000000,2.000000,0.000000
"10614",2.000000,3.000000,2.000000,2.000000,2.000000,1.000000,0.000000
"10615",2.000000,2.000000,4.000000,4.000000,2.000000,2.000000,0.000000
"10616",1.000000,1.000000,2.000000,2.000000,4.000000,1.000000,0.000000
"10617",4.000000,1.000000,2.000000,2.000000,4.000000,2.000000,0.000000
"10618",1.000000,1.000000,1.000000,1.000000,1.000000,2.000000,0.000000
"10619",4.000000,1.000000,2.000000,2.000000,4.000000,2.000000,0.000000
"10620",4.000000,2.000000,4.000000,4.000000,3.000000,2.000000,0.000000
"10621",2.000000,1.000000,1.000000,1.000000,4.000000,1.000000,0.000000
"10622",3.000000,1.000000,1.000000,1.000000,2.000000,2.000000,1.000000
"10623",3.000000,1.000000,2.000000,2.000000,4.000000,1.000000,0.000000
"10624",3.000000,1.000000,3.000000,3.000000,4.000000,2.000000,1.000000
"10625",4.000000,2.000000,1.000000,3.000000,1.000000,1.000000,0.000000
"10626",1.000000,2.000000,2.000000,3.000000,2.000000,1.000000,1.000000
"10627",2.000000,1.000000,2.000000,3.000000,3.000000,1.000000,0.000000
"10628",2.000000,2.000000,2.000000,3.000000,1.000000,2.000000,1.000000
"10629",1.000000,2.000000,1.000000,3.000000,1.000000,1.000000,1.000000
"10630",3.000000,2.000000,1.000000,3.000000,1.000000,2.000000,0.000000
"10631",1.000000,3.000000,4.000000,3.000000,1.000000,1.000000,0.000000
"10632",4.000000,1.000000,2.000000,3.000000,1.000000,1.000000,0.000000
"10633",3.000000,2.000000,1.000000,3.000000,1.000000,1.000000,0.000000
"10634",4.000000,2.000000,2.000000,3.000000,3.000000,2.000000,1.000000
"10635",2.000000,2.000000,1.000000,3.000000,3.000000,1.000000,0.000000
"10636",1.000000,2.000000,3.000000,3.000000,2.000000,1.000000,1.000000
"10637",1.000000,1.000000,4.000000,3.000000,2.000000,1.000000,0.000000
"10638",1.000000,2.000000,3.000000,3.000000,2.000000,2.000000,1.000000
"10639",2.000000,4.000000,4.000000,3.000000,4.000000,1.000000,0.000000
"10640",2.000000,2.000000,3.000000,3.000000,1.000000,1.000000,1.000000
"10641",4.000000,1.000000,1.000000,3.000000,3.000000,1.000000,0.000000
"10642",3.000000,2.000000,1.000000,3.000000,3.000000,1.000000,1.000000
"10643",3.000000,2.000000,1.000000,3.000000,2.000000,1.000000,0.000000
"10644",2.000000,1.000000,3.000000,3.000000,4.000000,1.000000,0.000000
"10645",1.000000,2.000000,3.000000,3.000000,1.000000,1.000000,0.000000
"10646",3.000000,2.000000,2.000000,3.000000,4.000000,2.000000,0.000000
"10647",4.000000,2.000000,2.000000,3.000000,4.000000,2.000000,0.000000
"10648",1.000000,2.000000,4.000000,3.000000,2.000000,1.000000,0.000000
"10649",2.000000,2.000000,3.000000,3.000000,2.000000,2.000000,0.000000
"10650",1.000000,2.000000,2.000000,3.000000,1.000000,1.000000,0.000000
"10651",1.000000,1.000000,3.000000,3.000000,2.000000,1.000000,0.000000
"10652",2.000000,4.000000,4.000000,4.000000,1.000000,1.000000,0.000000
"10653",4.000000,4.000000,1.000000,1.000000,2.000000,1.000000,0.000000
"10654",4.000000,4.000000,1.000000,1.000000,4.000000,2.000000,0.000000
"10655",1.000000,4.000000,2.000000,2.000000,4.000000,2.000000,0.000000
"10656",1.000000,4.000000,2.000000,2.000000,1.000000,2.000000,0.000000
"10657",4.000000,4.000000,2.000000,2.000000,2.000000,2.000000,0.000000
"10658",4.000000,4.000000,2.000000,2.000000,1.000000,1.000000,0.000000
"10659",3.000000,4.000000,1.000000,1.000000,1.000000,4.000000,0.000000
"10660",4.000000,4.000000,3.000000,3.000000,3.000000,2.000000,0.000000
"10661",1.000000,4.000000,1.000000,1.000000,3.000000,3.000000,0.000000
"10662",4.000000,4.000000,2.000000,2.000000,2.000000,3.000000,0.000000
"10663",2.000000,4.000000,1.000000,1.000000,4.000000,3.000000,0.000000
"10664",1.000000,4.000000,4.000000,4.000000,4.000000,4.000000,0.000000
"10665",2.000000,4.000000,4.000000,4.000000,4.000000,4.000000,0.000000
"10666",1.000000,4.000000,4.000000,4.000000,1.000000,4.000000,0.000000
"10667",3.000000,4.000000,4.000000,4.000000,4.000000,4.000000,0.000000
"10668",3.000000,1.000000,2.000000,2.000000,2.000000,3.000000,0.000000
"10669",2.000000,2.000000,3.000000,3.000000,4.000000,3.000000,0.000000
"10670",1.000000,3.000000,1.000000,1.000000,3.000000,3.000000,0.000000
"10671",3.000000,2.000000,2.000000,2.000000,4.000000,4.000000,0.000000
"10672",3.000000,2.000000,3.000000,3.000000,4.000000,4.000000,1.000000
"10673",2.000000,2.000000,4.000000,4.000000,2.000000,3.000000,1.000000
"10674",2.000000,2.000000,3.000000,3.000000,2.000000,3.000000,0.000000
"10675",2.000000,2.000000,1.000000,1.000000,2.000000,3.000000,1.000000
"10676",3.000000,4.000000,3.000000,3.000000,1.000000,4.000000,0.000000
"10677",1.000000,3.000000,1.000000,1.000000,3.000000,4.000000,0.000000
"10678",4.000000,1.000000,2.000000,2.000000,1.000000,4.000000,0.000000
"10679",1.000000,1.000000,4.000000,4.000000,2.000000,3.000000,0.000000
"10680",1.000000,1.000000,1.000000,1.000000,3.000000,4.000000,1.000000
"10681",3.000000,2.000000,2.000000,4.000000,1.000000,3.000000,1.000000
"10682",1.000000,2.000000,3.000000,4.000000,3.000000,3.000000,1.000000
"10683",2.000000,2.000000,2.000000,4.000000,4.000000,3.000000,1.000000
"10684",2.000000,2.000000,2.000000,4.000000,1.000000,2.000000,0.000000
"10685",4.000000,1.000000,3.000000,4.000000,2.000000,4.000000,0.000000
"10686",2.000000,2.000000,3.000000,4.000000,1.000000,3.000000,0.000000
"10687",1.000000,2.000000,2.000000,4.000000,2.000000,2.000000,0.000000
"10688",2.000000,2.000000,2.000000,4.000000,1.000000,4.000000,0.000000
"10689",1.000000,4.000000,3.000000,4.000000,3.000000,2.000000,0.000000
"10690",4.000000,2.000000,3.000000,4.000000,3.000000,4.000000,0.000000
"10691",1.000000,3.000000,2.000000,4.000000,1.000000,2.000000,0.000000
"10692",1.000000,4.000000,1.000000,4.000000,4.000000,3.000000,0.000000
"10693",2.000000,4.000000,2.000000,2.000000,3.000000,2.000000,0.000000
"10694",2.000000,4.000000,4.000000,4.000000,2.000000,2.000000,0.000000
"10695",3.000000,4.000000,4.000000,4.000000,4.000000,3.000000,0.000000
"10696",4.000000,4.000000,2.000000,2.000000,1.000000,3.000000,0.000000
"10697",2.000000,4.000000,3.000000,3.000000,2.000000,3.000000,0.000000
"10698",2.000000,4.000000,3.000000,3.000000,3.000000,2.000000,0.000000
"10699",2.000000,4.000000,3.000000,3.000000,1.000000,3.000000,0.000000
"10700",1.000000,4.000000,3.000000,3.000000,4.000000,2.000000,0.000000
"10701",1.000000,4.000000,4.000000,4.000000,4.000000,3.000000,0.000000
"10702",2.000000,4.000000,2.000000,2.000000,4.000000,3.000000,0.000000
"10703",2.000000,4.000000,4.000000,4.000000,3.000000,2.000000,0.000000
"10704",2.000000,4.000000,3.000000,3.000000,1.000000,3.000000,0.000000
"10705",1.000000,4.000000,3.000000,3.000000,2.000000,2.000000,0.000000
"10706",4.000000,4.000000,1.000000,1.000000,2.000000,3.000000,0.000000
"10707",3.000000,4.000000,1.000000,1.000000,2.000000,2.000000,0.000000
"10708",2.000000,4.000000,2.000000,2.000000,1.000000,3.000000,0.000000
"10709",4.000000,4.000000,1.000000,1.000000,3.000000,4.000000,0.000000
"10710",2.000000,4.000000,4.000000,4.000000,2.000000,2.000000,0.000000
"10711",1.000000,4.000000,1.000000,1.000000,2.000000,4.000000,0.000000
"10712",1.000000,4.000000,2.000000,4.000000,3.000000,3.000000,0.000000
"10713",3.000000,4.000000,4.000000,4.000000,3.000000,2.000000,1.000000
"10714",1.000000,2.000000,1.000000,4.000000,1.000000,2.000000,1.000000
"10715",1.000000,1.000000,2.000000,4.000000,2.000000,2.000000,1.000000
"10716",2.000000,2.000000,4.000000,4.000000,4.000000,4.000000,0.000000
"10717",4.000000,4.000000,3.000000,4.000000,2.000000,2.000000,1.000000
"10718",2.000000,2.000000,3.000000,4.000000,1.000000,3.000000,0.000000
"10719",1.000000,2.000000,2.000000,4.000000,2.000000,4.000000,1.000000
"10720",1.000000,2.000000,2.000000,4.000000,2.000000,2.000000,1.000000
"10721",4.000000,2.000000,3.000000,4.000000,3.000000,2.000000,0.000000
"10722",1.000000,2.000000,1.000000,4.000000,1.000000,2.000000,1.000000
"10723",2.000000,1.000000,3.000000,4.000000,1.000000,4.000000,0.000000
"10724",1.000000,2.000000,3.000000,4.000000,3.000000,2.000000,0.000000
"10725",1.000000,2.000000,3.000000,4.000000,2.000000,4.000000,1.000000
"10726",2.000000,3.000000,1.000000,4.000000,4.000000,4.000000,0.000000
"10727",2.000000,2.000000,2.000000,4.000000,3.000000,3.000000,1.000000
"10728",3.000000,2.000000,1.000000,4.000000,3.000000,2.000000,0.000000
"10729",2.000000,2.000000,2.000000,4.000000,3.000000,3.000000,0.000000
"10730",2.000000,1.000000,2.000000,4.000000,2.000000,3.000000,0.000000
"10731",3.000000,1.000000,2.000000,4.000000,1.000000,3.000000,0.000000
"10732",1.000000,2.000000,4.000000,4.000000,2.000000,4.000000,0.000000
"10733",3.000000,2.000000,4.000000,4.000000,3.000000,4.000000,0.000000
"10734",1.000000,2.000000,3.000000,4.000000,1.000000,4.000000,0.000000
"10735",3.000000,1.000000,4.000000,4.000000,4.000000,4.000000,0.000000
"10736",4.000000,2.000000,1.000000,1.000000,1.000000,4.000000,0.000000
"10737",2.000000,2.000000,3.000000,3.000000,2.000000,2.000000,0.000000
"10738",1.000000,2.000000,3.000000,3.000000,2.000000,4.000000,0.000000
"10739",1.000000,2.000000,2.000000,2.000000,2.000000,3.000000,0.000000
"10740",4.000000,2.000000,3.000000,3.000000,3.000000,4.000000,0.000000
"10741",3.000000,1.000000,4.000000,4.000000,3.000000,4.000000,0.000000
"10742",1.000000,4.000000,3.000000,3.000000,3.000000,3.000000,0.000000
"10743",4.000000,2.000000,3.000000,3.000000,1.000000,4.000000,0.000000
"10744",2.000000,2.000000,4.000000,4.000000,2.000000,4.000000,0.000000
"10745",4.000000,3.000000,4.000000,4.000000,3.000000,2.000000,0.000000
"10746",2.000000,2.000000,1.000000,1.000000,1.000000,4.000000,0.000000
"10747",3.000000,2.000000,3.000000,3.000000,1.000000,2.000000,0.000000
"10748",3.000000,2.000000,2.000000,2.000000,4.000000,4.000000,0.000000
"10749",3.000000,4.000000,1.000000,1.000000,3.000000,2.000000,0.000000
"10750",4.000000,4.000000,1.000000,1.000000,2.000000,2.000000,0.000000
"10751",1.000000,4.000000,2.000000,2.000000,4.000000,3.000000,0.000000
"10752",1.000000,4.000000,4.000000,4.000000,4.000000,2.000000,0.000000
"10753",2.000000,4.000000,2.000000,2.000000,2.000000,3.000000,0.000000
"10754",1.000000,4.000000,2.000000,2.000000,1.000000,3.000000,0.000000
"10755",3.000000,4.000000,1.000000,1.000000,2.000000,2.000000,1.000000
"10756",1.000000,4.000000,3.000000,3.000000,4.000000,4.000000,1.000000
"10757",1.000000,4.000000,3.000000,3.000000,3.000000,2.000000,1.000000
"10758",3.000000,4.000000,1.000000,1.000000,3.000000,4.000000,1.000000
"10759",3.000000,4.000000,2.000000,2.000000,1.000000,3.000000,0.000000
"10760",3.000000,4.000000,4.000000,4.000000,2.000000,4.000000,1.000000
"10761",2.000000,4.000000,4.000000,4.000000,1.000000,4.000000,0.000000
"10762",4.000000,4.000000,3.000000,3.000000,1.000000,2.000000,0.000000
"10763",4.000000,4.000000,3.000000,3.000000,4.000000,3.000000,0.000000
"10764",2.000000,4.000000,1.000000,1.000000,1.000000,3.000000,1.000000
"10765",1.000000,4.000000,3.000000,3.000000,4.000000,4.000000,1.000000
"10766",2.000000,4.000000,4.000000,4.000000,2.000000,2.000000,1.000000
"10767",3.000000,4.000000,1.000000,1.000000,1.000000,3.000000,0.000000
"10768",1.000000,4.000000,4.000000,4.000000,4.000000,2.000000,1.000000
"10769",2.000000,4.000000,3.000000,3.000000,1.000000,3.000000,0.000000
"10770",4.000000,4.000000,2.000000,2.000000,4.000000,2.000000,0.000000
"10771",1.000000,4.000000,1.000000,1.000000,1.000000,2.000000,1.000000
"10772",2.000000,4.000000,3.000000,3.000000,4.000000,3.000000,0.000000
"10773",4.000000,4.000000,3.000000,3.000000,1.000000,2.000000,1.000000
"10774",1.000000,1.000000,3.000000,3.000000,4.000000,3.000000,1.000000
"10775",2.000000,4.000000,3.000000,4.000000,4.000000,3.000000,1.000000
"10776",2.000000,2.000000,2.000000,4.000000,2.000000,2.000000,0.000000
"10777",1.000000,2.000000,3.000000,4.000000,2.000000,3.000000,0.000000
"10778",2.000000,1.000000,4.000000,4.000000,4.000000,2.000000,1.000000
"10779",1.000000,2.000000,4.000000,4.000000,1.000000,2.000000,0.000000
"10780",4.000000,4.000000,2.000000,4.000000,1.000000,3.000000,0.000000
"10781",3.000000,1.000000,4.000000,4.000000,1.000000,2.000000,0.000000
"10782",4.000000,2.000000,4.000000,4.000000,4.000000,3.000000,1.000000
"10783",2.000000,1.000000,2.000000,4.000000,3.000000,3.000000,1.000000
"10784",3.000000,2.000000,2.000000,4.000000,2.000000,3.000000,1.000000
"10785",2.000000,1.000000,4.000000,4.000000,4.000000,4.000000,1.000000
"10786",4.000000,2.000000,1.000000,4.000000,2.000000,4.000000,0.000000
"10787",4.000000,2.000000,1.000000,4.000000,1.000000,2.000000,0.000000
"10788",1.000000,2.000000,3.000000,4.000000,2.000000,3.000000,1.000000
"10789",2.000000,4.000000,1.000000,4.000000,1.000000,3.000000,1.000000
"10790",3.000000,2.000000,1.000000,4.000000,4.000000,2.000000,0.000000
"10791",1.000000,2.000000,2.000000,4.000000,2.000000,3.000000,0.000000
"10792",1.000000,2.000000,4.000000,4.000000,3.000000,4.000000,0.000000
"10793",4.000000,2.000000,3.000000,4.000000,4.000000,3.000000,1.000000
"10794",4.000000,1.000000,1.000000,4.000000,4.000000,4.000000,1.000000
"10795",4.000000,1.000000,2.000000,4.000000,1.000000,3.000000,0.000000
"10796",1.000000,2.000000,2.000000,4.000000,2.000000,2.000000,0.000000
"10797",1.000000,4.000000,3.000000,4.000000,2.000000,4.000000,0.000000
"10798",4.000000,1.000000,2.000000,4.000000,2.000000,2.000000,0.000000
"10799",4.000000,2.000000,3.000000,4.000000,1.000000,4.000000,0.000000
"10800",1.000000,2.000000,1.000000,4.000000,2.000000,2.000000,0.000000
"10801",4.000000,2.000000,4.000000,4.000000,3.000000,4.000000,0.000000
"10802",1.000000,2.000000,1.000000,4.000000,2.000000,3.000000,0.000000
"10803",1.000000,2.000000,2.000000,4.000000,1.000000,3.000000,0.000000
"10804",2.000000,2.000000,1.000000,4.000000,1.000000,2.000000,0.000000
"10805",4.000000,1.000000,2.000000,4.000000,1.000000,4.000000,0.000000
"10806",3.000000,4.000000,1.000000,4.000000,1.000000,2.000000,0.000000
"10807",3.000000,4.000000,1.000000,4.000000,4.000000,2.000000,0.000000
"10808",2.000000,4.000000,3.000000,4.000000,4.000000,2.000000,0.000000
"10809",2.000000,4.000000,4.000000,4.000000,2.000000,2.000000,0.000000
"10810",1.000000,4.000000,3.000000,4.000000,2.000000,2.000000,0.000000
"10811",4.000000,4.000000,1.000000,4.000000,1.000000,3.000000,0.000000
"10812",1.000000,4.000000,2.000000,4.000000,3.000000,3.000000,0.000000
"10813",2.000000,4.000000,2.000000,4.000000,3.000000,2.000000,0.000000
"10814",4.000000,4.000000,1.000000,4.000000,4.000000,3.000000,0.000000
"10815",2.000000,4.000000,4.000000,4.000000,4.000000,4.000000,0.000000
"10816",1.000000,4.000000,2.000000,4.000000,3.000000,3.000000,0.000000
"10817",2.000000,4.000000,2.000000,2.000000,3.000000,2.000000,0.000000
"10818",4.000000,4.000000,4.000000,4.000000,3.000000,3.000000,0.000000
"10819",2.000000,4.000000,4.000000,4.000000,1.000000,3.000000,0.000000
"10820",4.000000,4.000000,4.000000,4.000000,3.000000,3.000000,0.000000
"10821",1.000000,2.000000,1.000000,1.000000,2.000000,2.000000,0.000000
"10822",1.000000,2.000000,3.000000,3.000000,2.000000,2.000000,0.000000
"10823",1.000000,1.000000,1.000000,1.000000,4.000000,4.000000,0.000000
"10824",1.000000,1.000000,1.000000,1.000000,1.000000,2.000000,0.000000
"10825",3.000000,2.000000,4.000000,4.000000,1.000000,2.000000,1.000000
"10826",3.000000,1.000000,2.000000,2.000000,3.000000,3.000000,1.000000
"10827",2.000000,4.000000,1.000000,1.000000,4.000000,2.000000,0.000000
"10828",2.000000,2.000000,1.000000,1.000000,2.000000,2.000000,0.000000
"10829",2.000000,2.000000,1.000000,1.000000,2.000000,3.000000,1.000000
"10830",4.000000,4.000000,4.000000,4.000000,3.000000,3.000000,1.000000
"10831",3.000000,4.000000,4.000000,4.000000,2.000000,4.000000,1.000000
"10832",2.000000,4.000000,2.000000,2.000000,3.000000,2.000000,0.000000
"10833",2.000000,4.000000,2.000000,2.000000,1.000000,4.000000,0.000000
"10834",1.000000,4.000000,2.000000,2.000000,2.000000,4.000000,0.000000
"10835",3.000000,4.000000,4.000000,4.000000,2.000000,3.000000,0.000000
"10836",2.000000,4.000000,3.000000,3.000000,3.000000,4.000000,0.000000
"10837",1.000000,4.000000,4.000000,4.000000,4.000000,2.000000,1.000000
"10838",3.000000,4.000000,2.000000,2.000000,3.000000,3.000000,0.000000
"10839",2.000000,4.000000,3.000000,3.000000,2.000000,2.000000,0.000000
"10840",3.000000,4.000000,1.000000,1.000000,1.000000,4.000000,0.000000
"10841",1.000000,4.000000,3.000000,3.000000,4.000000,2.000000,0.000000
"10842",1.000000,4.000000,1.000000,1.000000,1.000000,2.000000,0.000000
"10843",2.000000,4.000000,1.000000,1.000000,2.000000,2.000000,0.000000
"10844",4.000000,2.000000,3.000000,3.000000,4.000000,3.000000,0.000000
"10845",2.000000,2.000000,4.000000,4.000000,1.000000,2.000000,0.000000
"10846",2.000000,3.000000,1.000000,1.000000,4.000000,4.000000,0.000000
"10847",2.000000,4.000000,3.000000,3.000000,1.000000,4.000000,0.000000
"10848",1.000000,2.000000,2.000000,2.000000,3.000000,2.000000,0.000000
"10849",1.000000,4.000000,3.000000,3.000000,2.000000,2.000000,0.000000
"10850",4.000000,1.000000,3.000000,3.000000,4.000000,3.000000,0.000000
"10851",2.000000,2.000000,2.000000,2.000000,3.000000,2.000000,0.000000
"10852",1.000000,2.000000,1.000000,1.000000,3.000000,3.000000,0.000000
"10853",3.000000,2.000000,4.000000,4.000000,3.000000,4.000000,0.000000
"10854",2.000000,2.000000,2.000000,2.000000,2.000000,4.000000,0.000000
"10855",4.000000,1.000000,2.000000,2.000000,3.000000,4.000000,0.000000
"10856",1.000000,1.000000,3.000000,3.000000,1.000000,4.000000,0.000000
"10857",4.000000,1.000000,4.000000,4.000000,4.000000,3.000000,0.000000
"10858",2.000000,2.000000,2.000000,2.000000,4.000000,2.000000,0.000000
"10859",1.000000,2.000000,3.000000,3.000000,4.000000,2.000000,0.000000
"10860",3.000000,1.000000,4.000000,4.000000,3.000000,3.000000,0.000000
"10861",2.000000,2.000000,3.000000,3.000000,3.000000,3.000000,0.000000
"10862",2.000000,2.000000,4.000000,4.000000,1.000000,3.000000,0.000000
"10863",1.000000,2.000000,1.000000,1.000000,2.000000,2.000000,0.000000
"10864",3.000000,2.000000,1.000000,1.000000,2.000000,2.000000,0.000000
"10865",4.000000,3.000000,4.000000,4.000000,1.000000,2.000000,0.000000
"10866",2.000000,3.000000,2.000000,2.000000,3.000000,3.000000,0.000000
"10867",3.000000,3.000000,1.000000,1.000000,1.000000,2.000000,0.000000
"10868",1.000000,3.000000,2.000000,2.000000,1.000000,3.000000,0.000000
"10869",1.000000,3.000000,2.000000,2.000000,4.000000,3.000000,0.000000
"10870",1.000000,3.000000,4.000000,4.000000,3.000000,3.000000,0.000000
"10871",2.000000,3.000000,1.000000,1.000000,2.000000,3.000000,0.000000
"10872",1.000000,3.000000,4.000000,4.000000,1.000000,3.000000,1.000000
"10873",3.000000,3.000000,4.000000,4.000000,4.000000,2.000000,0.000000
"10874",2.000000,3.000000,2.000000,2.000000,3.000000,3.000000,1.000000
"10875",2.000000,3.000000,4.000000,4.000000,3.000000,3.000000,1.000000
"10876",1.000000,3.000000,3.000000,3.000000,2.000000,2.000000,0.000000
"10877",2.000000,3.000000,1.000000,1.000000,3.000000,3.000000,0.000000
"10878",1.000000,3.000000,2.000000,2.000000,3.000000,2.000000,0.000000
"10879",1.000000,3.000000,4.000000,4.000000,3.000000,4.000000,0.000000
"10880",3.000000,3.000000,3.000000,3.000000,3.000000,4.000000,0.000000
"10881",2.000000,3.000000,2.000000,2.000000,4.000000,2.000000,0.000000
"10882",1.000000,3.000000,1.000000,1.000000,4.000000,2.000000,0.000000
"10883",2.000000,2.000000,2.000000,2.000000,1.000000,2.000000,0.000000
"10884",4.000000,2.000000,3.000000,3.000000,4.000000,2.000000,0.000000
"10885",3.000000,4.000000,3.000000,3.000000,3.000000,4.000000,0.000000
"10886",2.000000,2.000000,3.000000,3.000000,1.000000,2.000000,0.000000
"10887",1.000000,2.000000,4.000000,4.000000,4.000000,3.000000,0.000000
"10888",4.000000,3.000000,2.000000,2.000000,2.000000,2.000000,0.000000
"10889",2.000000,3.000000,3.000000,3.000000,3.000000,2.000000,0.000000
"10890",4.000000,3.000000,1.000000,1.000000,2.000000,4.000000,0.000000
"10891",1.000000,3.000000,4.000000,4.000000,4.000000,4.000000,0.000000
"10892",4.000000,3.000000,1.000000,1.000000,4.000000,2.000000,0.000000
"10893",4.000000,3.000000,3.000000,3.000000,1.000000,2.000000,0.000000
"10894",4.000000,3.000000,4.000000,4.000000,4.000000,3.000000,0.000000
"10895",1.000000,3.000000,4.000000,4.000000,2.000000,2.000000,0.000000
"10896",2.000000,3.000000,1.000000,1.000000,2.000000,4.000000,0.000000
"10897",2.000000,3.000000,3.000000,3.000000,1.000000,3.000000,0.000000
"10898",2.000000,3.000000,1.000000,1.000000,3.000000,3.000000,0.000000
"10899",2.000000,3.000000,3.000000,3.000000,1.000000,4.000000,0.000000
"10900",4.000000,3.000000,2.000000,2.000000,4.000000,3.000000,0.000000
"10901",2.000000,3.000000,2.000000,2.000000,4.000000,3.000000,0.000000
"10902",1.000000,3.000000,2.000000,2.000000,1.000000,3.000000,0.000000
"10903",4.000000,3.000000,3.000000,3.000000,3.000000,4.000000,0.000000
"10904",2.000000,3.000000,3.000000,3.000000,1.000000,3.000000,0.000000
"10905",1.000000,3.000000,2.000000,2.000000,3.000000,3.000000,0.000000
"10906",1.000000,3.000000,3.000000,3.000000,3.000000,3.000000,0.000000
"10907",2.000000,3.000000,1.000000,1.000000,2.000000,2.000000,0.000000
"10908",3.000000,2.000000,2.000000,2.000000,2.000000,2.000000,1.000000
"10909",1.000000,2.000000,1.000000,1.000000,2.000000,2.000000,0.000000
"10910",3.000000,2.000000,1.000000,1.000000,2.000000,2.000000,1.000000
"10911",1.000000,2.000000,1.000000,1.000000,3.000000,3.000000,1.000000
"10912",2.000000,2.000000,1.000000,1.000000,2.000000,3.000000,0.000000
"10913",2.000000,1.000000,3.000000,3.000000,2.000000,4.000000,0.000000
"10914",4.000000,2.000000,4.000000,4.000000,1.000000,4.000000,0.000000
"10915",1.000000,2.000000,1.000000,1.000000,1.000000,2.000000,0.000000
"10916",4.000000,3.000000,2.000000,2.000000,4.000000,2.000000,1.000000
"10917",1.000000,2.000000,2.000000,2.000000,1.000000,3.000000,1.000000
"10918",2.000000,2.000000,1.000000,1.000000,1.000000,4.000000,1.000000
"10919",1.000000,1.000000,4.000000,4.000000,2.000000,3.000000,0.000000
"10920",1.000000,1.000000,1.000000,1.000000,1.000000,2.000000,1.000000
"10921",2.000000,4.000000,2.000000,2.000000,1.000000,4.000000,0.000000
"10922",1.000000,1.000000,2.000000,2.000000,4.000000,3.000000,0.000000
"10923",2.000000,1.000000,1.000000,1.000000,1.000000,3.000000,0.000000
"10924",2.000000,4.000000,1.000000,1.000000,1.000000,4.000000,0.000000
"10925",2.000000,3.000000,1.000000,1.000000,4.000000,3.000000,0.000000
"10926",3.000000,3.000000,1.000000,1.000000,3.000000,2.000000,0.000000
"10927",1.000000,3.000000,1.000000,1.000000,1.000000,2.000000,0.000000
"10928",2.000000,3.000000,1.000000,1.000000,2.000000,4.000000,0.000000
"10929",4.000000,3.000000,1.000000,1.000000,1.000000,2.000000,1.000000
"10930",1.000000,3.000000,3.000000,3.000000,1.000000,4.000000,1.000000
"10931",3.000000,3.000000,3.000000,3.000000,1.000000,2.000000,0.000000
"10932",2.000000,3.000000,2.000000,2.000000,3.000000,2.000000,0.000000
"10933",3.000000,3.000000,4.000000,4.000000,2.000000,2.000000,1.000000
"10934",1.000000,3.000000,3.000000,3.000000,2.000000,4.000000,1.000000
"10935",1.000000,3.000000,1.000000,1.000000,1.000000,2.000000,0.000000
"10936",2.000000,3.000000,2.000000,2.000000,3.000000,4.000000,1.000000
"10937",3.000000,3.000000,2.000000,2.000000,2.000000,4.000000,1.000000
"10938",2.000000,3.000000,1.000000,1.000000,2.000000,2.000000,1.000000
"10939",4.000000,3.000000,1.000000,1.000000,2.000000,3.000000,1.000000
"10940",1.000000,3.000000,4.000000,4.000000,3.000000,2.000000,0.000000
"10941",2.000000,3.000000,4.000000,4.000000,4.000000,2.000000,1.000000
"10942",4.000000,3.000000,4.000000,4.000000,1.000000,3.000000,1.000000
"10943",1.000000,3.000000,4.000000,4.000000,4.000000,3.000000,0.000000
"10944",1.000000,3.000000,2.000000,2.000000,4.000000,3.000000,0.000000
"10945",2.000000,3.000000,4.000000,4.000000,1.000000,4.000000,0.000000
"10946",1.000000,3.000000,3.000000,3.000000,2.000000,4.000000,1.000000
"10947",1.000000,3.000000,2.000000,2.000000,3.000000,4.000000,0.000000
"10948",3.000000,3.000000,2.000000,2.000000,1.000000,2.000000,0.000000
"10949",3.000000,3.000000,1.000000,1.000000,3.000000,4.000000,0.000000
"10950",4.000000,3.000000,4.000000,4.000000,4.000000,4.000000,0.000000
"10951",1.000000,3.000000,4.000000,4.000000,1.000000,2.000000,0.000000
"10952",2.000000,2.000000,4.000000,4.000000,4.000000,2.000000,0.000000
"10953",1.000000,4.000000,4.000000,4.000000,3.000000,4.000000,1.000000
"10954",4.000000,4.000000,2.000000,2.000000,1.000000,4.000000,0.000000
"10955",2.000000,1.000000,1.000000,1.000000,1.000000,4.000000,1.000000
"10956",1.000000,2.000000,1.000000,1.000000,1.000000,2.000000,1.000000
"10957",1.000000,2.000000,4.000000,4.000000,2.000000,3.000000,0.000000
"10958",2.000000,2.000000,3.000000,3.000000,1.000000,3.000000,0.000000
"10959",1.000000,1.000000,1.000000,1.000000,1.000000,3.000000,0.000000
"10960",2.000000,2.000000,2.000000,2.000000,1.000000,2.000000,0.000000
"10961",2.000000,2.000000,1.000000,1.000000,4.000000,2.000000,1.000000
"10962",2.000000,2.000000,3.000000,3.000000,4.000000,4.000000,0.000000
"10963",2.000000,2.000000,3.000000,3.000000,3.000000,2.000000,0.000000
"10964",3.000000,2.000000,1.000000,1.000000,4.000000,4.000000,0.000000
"10965",2.000000,4.000000,1.000000,1.000000,2.000000,4.000000,0.000000
"10966",1.000000,1.000000,2.000000,2.000000,2.000000,2.000000,0.000000
"10967",2.000000,1.000000,1.000000,1.000000,4.000000,3.000000,0.000000
"10968",3.000000,2.000000,2.000000,2.000000,4.000000,3.000000,0.000000
"10969",4.000000,1.000000,1.000000,1.000000,3.000000,3.000000,0.000000
"10970",1.000000,2.000000,2.000000,2.000000,3.000000,3.000000,0.000000
"10971",2.000000,2.000000,3.000000,3.000000,3.000000,4.000000,0.000000
"10972",1.000000,1.000000,3.000000,3.000000,1.000000,3.000000,0.000000
"10973",1.000000,3.000000,2.000000,2.000000,3.000000,3.000000,0.000000
"10974",1.000000,3.000000,3.000000,3.000000,4.000000,2.000000,0.000000
"10975",1.000000,3.000000,3.000000,3.000000,1.000000,2.000000,0.000000
"10976",4.000000,3.000000,2.000000,2.000000,1.000000,3.000000,0.000000
"10977",1.000000,3.000000,4.000000,4.000000,2.000000,2.000000,0.000000
"10978",4.000000,3.000000,2.000000,2.000000,3.000000,4.000000,1.000000
"10979",3.000000,3.000000,3.000000,3.000000,1.000000,4.000000,1.000000
"10980",3.000000,3.000000,4.000000,4.000000,3.000000,4.000000,1.000000
"10981",2.000000,3.000000,2.000000,2.000000,3.000000,3.000000,0.000000
"10982",1.000000,3.000000,2.000000,2.000000,3.000000,4.000000,1.000000
"10983",1.000000,3.000000,1.000000,1.000000,4.000000,3.000000,0.000000
"10984",2.000000,3.000000,1.000000,1.000000,1.000000,3.000000,1.000000
